	FIRSTNAME	FULLNAME	Field	gender_firstname	GENDER_DICT	LASTNAME	Name	Page_created	cleaned_name	name_img_query	gender_img	gender
%C4%90%C3%A0m_Thanh_S%C6%A1n	Dam	Dam Thanh Son	Physics	unknown	[{u'count': 12.0, u'gender': u'male', u'name': u'Dam', u'probability': 0.67}]	Thanh Son	Dam Thanh Son	2013-02-20	Dam	Dam+Thanh Son	male	male
%C5%BDeljko_Reiner	Zeljko	Zeljko Reiner	Physiology or Medicine	male	[{u'count': 43.0, u'gender': u'male', u'name': u'Zeljko', u'probability': 0.98}]	Reiner	Zeljko Reiner	2014-09-22	Zeljko			male
Achim_M%C3%BCller	Achim	Achim Muller	Chemistry	male	[{u'count': 4.0, u'gender': u'male', u'name': u'Achim', u'probability': 1.0}]	Muller	Achim Muller	2006-03-04	Achim			male
Akiko_Iwasaki	Akiko	Akiko Iwasaki	Physiology or Medicine	female	[{u'count': 71.0, u'gender': u'female', u'name': u'Akiko', u'probability': 1.0}]	Iwasaki	Akiko Iwasaki	2015-03-30	Akiko			female
Alan_Aderem	Alan	Alan Aderem	Physiology or Medicine	male	[{u'count': 2079.0, u'gender': u'male', u'name': u'Alan', u'probability': 1.0}]	Aderem	Alan Aderem	2006-10-09	Alan			male
Alan_Ashworth	Alan	Alan Ashworth	Physiology or Medicine	male	[{u'count': 2079.0, u'gender': u'male', u'name': u'Alan', u'probability': 1.0}]	Ashworth	Alan Ashworth	2010-01-28	Alan			male
Albert-L%C3%A1szl%C3%B3_Barab%C3%A1si	Albert-Laszlo	Albert-Laszlo Barabasi	Physics	unknown	[{u'count': None, u'gender': None, u'name': u'Albert-Laszlo', u'probability': None}]	Barabasi	Albert-Laszlo Barabasi	2006-12-17	Albert-Laszlo	Albert-Laszlo+Barabasi	male	male
Albert_Meyers	Albert	Albert Meyers	Chemistry	male	[{u'count': 723.0, u'gender': u'male', u'name': u'Albert', u'probability': 0.99}]	Meyers	Albert Meyers	2005-11-14	Albert			male
Alex_Bateman	Alex	Alex Bateman	Biology	male	[{u'count': 5856.0, u'gender': u'male', u'name': u'Alex', u'probability': 0.87}]	Bateman	Alex Bateman	2015-01-17	Alex			male
Alex_Zettl	Alex	Alex Zettl	Physics	male	[{u'count': 5856.0, u'gender': u'male', u'name': u'Alex', u'probability': 0.87}]	Zettl	Alex Zettl	2007-11-05	Alex			male
Alexander_Zamolodchikov	Alexander	Alexander Zamolodchikov	Physics	male	[{u'count': 1645.0, u'gender': u'male', u'name': u'Alexander', u'probability': 1.0}]	Zamolodchikov	Alexander Zamolodchikov	2008-10-21	Alexander			male
Ali_Khademhosseini	Ali	Ali Khademhosseini	Physics	male	[{u'count': 3351.0, u'gender': u'male', u'name': u'Ali', u'probability': 0.85}]	Khademhosseini	Ali Khademhosseini	2007-05-27	Ali			male
Allen_Steere	Allen	Allen Steere	Physiology or Medicine	male	[{u'count': 561.0, u'gender': u'male', u'name': u'Allen', u'probability': 0.99}]	Steere	Allen Steere	2007-05-28	Allen			male
Amir_Yacoby	Amir	Amir Yacoby	Physics	male	[{u'count': 508.0, u'gender': u'male', u'name': u'Amir', u'probability': 1.0}]	Yacoby	Amir Yacoby	2014-04-30	Amir			male
Andrei_Shleifer	Andrei	Andrei Shleifer	Economics	male	[{u'count': 168.0, u'gender': u'male', u'name': u'Andrei', u'probability': 0.99}]	Shleifer	Andrei Shleifer	2005-01-30	Andrei			male
Andrew_Bernard	Andrew	Andrew Bernard	Economics	male	[{u'count': 5168.0, u'gender': u'male', u'name': u'Andrew', u'probability': 1.0}]	Bernard	Andrew Bernard	2007-05-18	Andrew			male
Andrew_H._Van_de_Ven	Andrew	Andrew Van de Ven	Economics	male	[{u'count': 5168.0, u'gender': u'male', u'name': u'Andrew', u'probability': 1.0}]	Van de Ven	Andrew Van de Ven	2013-11-11	Andrew			male
Annarosa_Leri	Annarosa	Annarosa Leri	Physiology or Medicine	female	[{u'count': 1.0, u'gender': u'female', u'name': u'Annarosa', u'probability': 1.0}]	Leri	Annarosa Leri	2015-05-07	Annarosa			female
Anne_O%27Garra	Anne	Anne O'Garra	Physiology or Medicine	female	[{u'count': 2461.0, u'gender': u'female', u'name': u'Anne', u'probability': 1.0}]	O'Garra	Anne O'Garra	2008-07-20	Anne			female
Antonio_Lanzavecchia	Antonio	Antonio Lanzavecchia	Physiology or Medicine	male	[{u'count': 2290.0, u'gender': u'male', u'name': u'Antonio', u'probability': 1.0}]	Lanzavecchia	Antonio Lanzavecchia	2007-04-10	Antonio			male
Ariel_Rubinstein	Ariel	Ariel Rubinstein	Economics	unknown	[{u'count': 556.0, u'gender': u'male', u'name': u'Ariel', u'probability': 0.66}]	Rubinstein	Ariel Rubinstein	2005-03-26	Ariel	Ariel+Rubinstein	male	male
Armin_Falk	Armin	Armin Falk	Economics	male	[{u'count': 131.0, u'gender': u'male', u'name': u'Armin', u'probability': 0.99}]	Falk	Armin Falk	2010-04-04	Armin			male
Arun_Majumdar	Arun	Arun Majumdar	Physics	male	[{u'count': 330.0, u'gender': u'male', u'name': u'Arun', u'probability': 1.0}]	Majumdar	Arun Majumdar	2009-09-20	Arun			male
Axel_D._Becke	Axel	Axel Becke	Chemistry	male	[{u'count': 283.0, u'gender': u'male', u'name': u'Axel', u'probability': 0.98}]	Becke	Axel Becke	2007-11-10	Axel			male
Axel_Ullrich	Axel	Axel Ullrich	Physiology or Medicine	male	[{u'count': 283.0, u'gender': u'male', u'name': u'Axel', u'probability': 0.98}]	Ullrich	Axel Ullrich	2006-06-03	Axel			male
Babak_Hassibi	Babak	Babak Hassibi	Computer Science	male	[{u'count': 53.0, u'gender': u'male', u'name': u'Babak', u'probability': 1.0}]	Hassibi	Babak Hassibi	2006-12-30	Babak			male
Barry_Everitt	Barry	Barry Everitt	Physiology or Medicine	male	[{u'count': 635.0, u'gender': u'male', u'name': u'Barry', u'probability': 0.98}]	Everitt	Barry Everitt	2007-08-13	Barry			male
Bengt_R._Holmstr%C3%B6m	Bengt	Bengt Holmstrom	Economics	male	[{u'count': 52.0, u'gender': u'male', u'name': u'Bengt', u'probability': 1.0}]	Holmstrom	Bengt Holmstrom	2006-09-30	Bengt			male
Bernhard_Keimer	Bernhard	Bernhard Keimer	Physics	male	[{u'count': 47.0, u'gender': u'male', u'name': u'Bernhard', u'probability': 1.0}]	Keimer	Bernhard Keimer	2014-02-01	Bernhard			male
Bernhard_Keller	Bernhard	Bernhard Keller	Mathematics	male	[{u'count': 47.0, u'gender': u'male', u'name': u'Bernhard', u'probability': 1.0}]	Keller	Bernhard Keller	2016-04-02	Bernhard			male
Beth_Levine_(physician)	Beth	Beth Levine	Physiology or Medicine	female	[{u'count': 1541.0, u'gender': u'female', u'name': u'Beth', u'probability': 1.0}]	Levine	Beth Levine	2012-05-04	Beth			female
Birger_Wernerfelt	Birger	Birger Wernerfelt	Economics	male	[{u'count': 23.0, u'gender': u'male', u'name': u'Birger', u'probability': 1.0}]	Wernerfelt	Birger Wernerfelt	2007-12-10	Birger			male
Biswanath_Mukherjee	Biswanath	Biswanath Mukherjee	Computer Science	male	[{u'count': 1.0, u'gender': u'male', u'name': u'Biswanath', u'probability': 1.0}]	Mukherjee	Biswanath Mukherjee	2015-02-05	Biswanath			male
Bradley_Efron	Bradley	Bradley Efron	Mathematics	male	[{u'count': 394.0, u'gender': u'male', u'name': u'Bradley', u'probability': 1.0}]	Efron	Bradley Efron	2006-10-02	Bradley			male
Brigitta_Stockinger	Brigitta	Brigitta Stockinger	Physiology or Medicine	unknown	[{u'count': 44.0, u'gender': u'male', u'name': u'Brigitta', u'probability': 0.52}]	Stockinger	Brigitta Stockinger	2013-10-11	Brigitta	Brigitta+Stockinger	female	female
Bruce_D._Walker	Bruce	Bruce D Walker	Physiology or Medicine	male	[{u'count': 800.0, u'gender': u'male', u'name': u'Bruce', u'probability': 1.0}]	D Walker	Bruce D Walker	2016-03-14	Bruce			male
Campbell_Harvey	Campbell	Campbell Harvey	Economics	male	[{u'count': 28.0, u'gender': u'male', u'name': u'Campbell', u'probability': 0.96}]	Harvey	Campbell Harvey	2011-11-28	Campbell			male
Carlo_La_Vecchia	Carlo	Carlo La Vecchia	Physiology or Medicine	male	[{u'count': 423.0, u'gender': u'male', u'name': u'Carlo', u'probability': 0.99}]	La Vecchia	Carlo La Vecchia	2009-11-17	Carlo			male
Cees_Dekker	Cees	Cees Dekker	Physics	male	[{u'count': 6.0, u'gender': u'male', u'name': u'Cees', u'probability': 1.0}]	Dekker	Cees Dekker	2007-12-14	Cees			male
Charles_M._Lieber	Charles	Charles Lieber	Physiology or Medicine	male	[{u'count': 1798.0, u'gender': u'male', u'name': u'Charles', u'probability': 1.0}]	Lieber	Charles Lieber	2012-07-10	Charles			male
Chen_Guanrong	Guanrong	Guanrong Chen	Physics	unknown	[{u'count': None, u'gender': None, u'name': u'Guanrong', u'probability': None}]	Chen	Guanrong Chen	2014-10-21	Guanrong	Guanrong+Chen	male	male
Chih-Jen_Lin	Chih-Jen	Chih-Jen Lin	Computer Science	unknown	[{u'count': None, u'gender': None, u'name': u'Chih-Jen', u'probability': None}]	Lin	Chih-Jen Lin	2016-02-02	Chih-Jen	Chih-Jen+Lin	male	male
Christoph_Gerber	Christoph	Christoph Gerber	Physics	male	[{u'count': 192.0, u'gender': u'male', u'name': u'Christoph', u'probability': 1.0}]	Gerber	Christoph Gerber	2008-07-04	Christoph			male
Cisca_Wijmenga	Cisca	Cisca Wijmenga	Physiology or Medicine	female	[{u'count': 2.0, u'gender': u'female', u'name': u'Cisca', u'probability': 1.0}]	Wijmenga	Cisca Wijmenga	2015-06-12	Cisca			female
Claire_Berger	Claire	Claire Berger	Physics	female	[{u'count': 2587.0, u'gender': u'female', u'name': u'Claire', u'probability': 1.0}]	Berger	Claire Berger	2014-09-27	Claire			female
Cumrun_Vafa	Cumrun	Cumrun Vafa	Physics	unknown	[{u'count': None, u'gender': None, u'name': u'Cumrun', u'probability': None}]	Vafa	Cumrun Vafa	2004-05-09	Cumrun	Cumrun+Vafa	male	male
Dale_L._Boger	Dale	Dale Boger	Chemistry	male	[{u'count': 646.0, u'gender': u'male', u'name': u'Dale', u'probability': 0.91}]	Boger	Dale Boger	2007-08-22	Dale			male
Dan_Ariely	Dan	Dan Ariely	Economics	male	[{u'count': 3240.0, u'gender': u'male', u'name': u'Dan', u'probability': 0.98}]	Ariely	Dan Ariely	2007-01-05	Dan			male
Dan_Boneh	Dan	Dan Boneh	Computer Science	male	[{u'count': 3240.0, u'gender': u'male', u'name': u'Dan', u'probability': 0.98}]	Boneh	Dan Boneh	2006-10-04	Dan			male
Dariush_Mozaffarian	Dariush	Dariush Mozaffarian	Physiology or Medicine	male	[{u'count': 4.0, u'gender': u'male', u'name': u'Dariush', u'probability': 1.0}]	Mozaffarian	Dariush Mozaffarian	2015-07-23	Dariush			male
Daron_Acemo%C4%9Flu	Daron	Daron Acemoglu	Economics	male	[{u'count': 13.0, u'gender': u'male', u'name': u'Daron', u'probability': 1.0}]	Acemoglu	Daron Acemoglu	2009-06-02	Daron			male
David_Haussler	David	David Haussler	Physiology or Medicine	male	[{u'count': 12593.0, u'gender': u'male', u'name': u'David', u'probability': 1.0}]	Haussler	David Haussler	2007-04-04	David			male
David_Milstein	David	David Milstein	Chemistry	male	[{u'count': 12593.0, u'gender': u'male', u'name': u'David', u'probability': 1.0}]	Milstein	David Milstein	2009-06-03	David			male
Deborah_Estrin	Deborah	Deborah Estrin	Computer Science	female	[{u'count': 1275.0, u'gender': u'female', u'name': u'Deborah', u'probability': 0.99}]	Estrin	Deborah Estrin	2008-03-09	Deborah			female
Dennis_P._Curran	Dennis	Dennis Curran	Chemistry	male	[{u'count': 1279.0, u'gender': u'male', u'name': u'Dennis', u'probability': 0.99}]	Curran	Dennis Curran	2015-11-04	Dennis			male
Didier_Astruc	Didier	Didier Astruc	Chemistry	male	[{u'count': 204.0, u'gender': u'male', u'name': u'Didier', u'probability': 0.99}]	Astruc	Didier Astruc	2010-10-04	Didier			male
Dieter_Enders	Dieter	Dieter Enders	Chemistry	male	[{u'count': 70.0, u'gender': u'male', u'name': u'Dieter', u'probability': 1.0}]	Enders	Dieter Enders	2007-03-21	Dieter			male
Dimitri_Nanopoulos	Dimitri	Dimitri Nanopoulos	Physics	male	[{u'count': 197.0, u'gender': u'male', u'name': u'Dimitri', u'probability': 1.0}]	Nanopoulos	Dimitri Nanopoulos	2005-10-06	Dimitri			male
Donal_Bradley	Donal	Donal Bradley	Physics	male	[{u'count': 11.0, u'gender': u'male', u'name': u'Donal', u'probability': 1.0}]	Bradley	Donal Bradley	2011-03-01	Donal			male
Edward_Glaeser	Edward	Edward Glaeser	Economics	male	[{u'count': 1015.0, u'gender': u'male', u'name': u'Edward', u'probability': 1.0}]	Glaeser	Edward Glaeser	2005-08-12	Edward			male
Edward_Miguel	Edward	Edward Miguel	Economics	male	[{u'count': 1015.0, u'gender': u'male', u'name': u'Edward', u'probability': 1.0}]	Miguel	Edward Miguel	2011-09-19	Edward			male
Edward_Ott	Edward	Edward Ott	Physics	male	[{u'count': 1015.0, u'gender': u'male', u'name': u'Edward', u'probability': 1.0}]	Ott	Edward Ott	2014-02-16	Edward			male
Edward_R._Dougherty	Edward	Edward R Dougherty	Computer Science	male	[{u'count': 1015.0, u'gender': u'male', u'name': u'Edward', u'probability': 1.0}]	R Dougherty	Edward R Dougherty	2014-10-06	Edward			male
Elias_James_Corey	Elias	Elias Corey	Chemistry	male	[{u'count': 372.0, u'gender': u'male', u'name': u'Elias', u'probability': 1.0}]	Corey	Elias Corey	2004-06-01	Elias			male
Elza_Erkip	Elza	Elza Erkip	Computer Science	female	[{u'count': 32.0, u'gender': u'female', u'name': u'Elza', u'probability': 1.0}]	Erkip	Elza Erkip	2015-03-18	Elza			female
Eric_Hanushek	Eric	Eric Hanushek	Economics	male	[{u'count': 4110.0, u'gender': u'male', u'name': u'Eric', u'probability': 1.0}]	Hanushek	Eric Hanushek	2007-08-05	Eric			male
Esther_Duflo	Esther	Esther Duflo	Economics	female	[{u'count': 930.0, u'gender': u'female', u'name': u'Esther', u'probability': 1.0}]	Duflo	Esther Duflo	2008-04-02	Esther			female
Eugene_Braunwald	Eugene	Eugene Braunwald	Physiology or Medicine	male	[{u'count': 319.0, u'gender': u'male', u'name': u'Eugene', u'probability': 0.98}]	Braunwald	Eugene Braunwald	2006-06-17	Eugene			male
Ewan_Birney	Ewan	Ewan Birney	Biology	male	[{u'count': 51.0, u'gender': u'male', u'name': u'Ewan', u'probability': 1.0}]	Birney	Ewan Birney	2006-03-03	Ewan			male
Federica_Sallusto	Federica	Federica Sallusto	Physiology or Medicine	female	[{u'count': 432.0, u'gender': u'female', u'name': u'Federica', u'probability': 0.99}]	Sallusto	Federica Sallusto	2007-04-10	Federica			female
Fiona_Powrie	Fiona	Fiona Powrie	Physiology or Medicine	female	[{u'count': 926.0, u'gender': u'female', u'name': u'Fiona', u'probability': 1.0}]	Powrie	Fiona Powrie	2012-11-12	Fiona			female
Fran%C3%A7ois_Diederich	Francois	Francois Diederich	Chemistry	male	[{u'count': 290.0, u'gender': u'male', u'name': u'Francois', u'probability': 1.0}]	Diederich	Francois Diederich	2007-02-11	Francois			male
Frank_Glorius	Frank	Frank Glorius	Chemistry	male	[{u'count': 1565.0, u'gender': u'male', u'name': u'Frank', u'probability': 1.0}]	Glorius	Frank Glorius	2014-11-09	Frank			male
Frank_Neese	Frank	Frank Neese	Chemistry	male	[{u'count': 1565.0, u'gender': u'male', u'name': u'Frank', u'probability': 1.0}]	Neese	Frank Neese	2010-08-20	Frank			male
Frans_Van_de_Werf	Frans	Frans Van de Werf	Physiology or Medicine	male	[{u'count': 70.0, u'gender': u'male', u'name': u'Frans', u'probability': 0.96}]	Van de Werf	Frans Van de Werf	2009-03-30	Frans			male
G%C3%A1bor_A._Somorjai	Gabor	Gabor Somorjai	Chemistry	male	[{u'count': 31.0, u'gender': u'male', u'name': u'Gabor', u'probability': 1.0}]	Somorjai	Gabor Somorjai	2005-08-10	Gabor			male
G%C3%A9rald_Bastard	Gerald	Gerald Bastard	Physics	male	[{u'count': 380.0, u'gender': u'male', u'name': u'Gerald', u'probability': 0.99}]	Bastard	Gerald Bastard	2011-01-26	Gerald			male
G%C3%A9rard_F%C3%A9rey	Gerard	Gerard Ferey	Chemistry	male	[{u'count': 460.0, u'gender': u'male', u'name': u'Gerard', u'probability': 1.0}]	Ferey	Gerard Ferey	2012-10-27	Gerard			male
George_Davey_Smith	George	George Davey Smith	Physiology or Medicine	male	[{u'count': 2098.0, u'gender': u'male', u'name': u'George', u'probability': 0.99}]	Davey Smith	George Davey Smith	2015-09-14	George			male
George_Loewenstein	George	George Loewenstein	Economics	male	[{u'count': 2098.0, u'gender': u'male', u'name': u'George', u'probability': 0.99}]	Loewenstein	George Loewenstein	2005-10-23	George			male
George_Sawatzky	George	George Sawatzky	Physics	male	[{u'count': 2098.0, u'gender': u'male', u'name': u'George', u'probability': 0.99}]	Sawatzky	George Sawatzky	2014-02-05	George			male
Giorgio_Parisi	Giorgio	Giorgio Parisi	Physics	male	[{u'count': 331.0, u'gender': u'male', u'name': u'Giorgio', u'probability': 0.99}]	Parisi	Giorgio Parisi	2006-10-01	Giorgio			male
Giuseppe_Mingione	Giuseppe	Giuseppe Mingione	Mathematics	male	[{u'count': 774.0, u'gender': u'male', u'name': u'Giuseppe', u'probability': 1.0}]	Mingione	Giuseppe Mingione	2013-05-05	Giuseppe			male
Gon%C3%A7alo_Abecasis	Goncalo	Goncalo R Abecasis	Physiology or Medicine	male	[{u'count': 9.0, u'gender': u'male', u'name': u'Goncalo', u'probability': 1.0}]	R Abecasis	Goncalo R Abecasis	2013-12-17	Goncalo			male
Graham_Colditz	Graham	Graham Colditz	Physiology or Medicine	male	[{u'count': 603.0, u'gender': u'male', u'name': u'Graham', u'probability': 1.0}]	Colditz	Graham Colditz	2009-02-28	Graham			male
Graham_Fleming	Graham	Graham Fleming	Chemistry	male	[{u'count': 603.0, u'gender': u'male', u'name': u'Graham', u'probability': 1.0}]	Fleming	Graham Fleming	2009-03-22	Graham			male
Guido_Imbens	Guido	Guido Imbens	Economics	male	[{u'count': 245.0, u'gender': u'male', u'name': u'Guido', u'probability': 1.0}]	Imbens	Guido Imbens	2014-04-20	Guido			male
Hans_Clevers	Hans	Hans Clevers	Physiology or Medicine	male	[{u'count': 431.0, u'gender': u'male', u'name': u'Hans', u'probability': 0.99}]	Clevers	Hans Clevers	2012-03-15	Hans			male
Helmut_Ringsdorf	Helmut	Helmut Ringsdorf	Chemistry	male	[{u'count': 51.0, u'gender': u'male', u'name': u'Helmut', u'probability': 1.0}]	Ringsdorf	Helmut Ringsdorf	2005-05-29	Helmut			male
Helmut_Schwarz	Helmut	Helmut Schwarz	Chemistry	male	[{u'count': 51.0, u'gender': u'male', u'name': u'Helmut', u'probability': 1.0}]	Schwarz	Helmut Schwarz	2011-01-25	Helmut			male
Heng_Li	Heng	Heng Li	Computer Science	male	[{u'count': 27.0, u'gender': u'male', u'name': u'Heng', u'probability': 0.85}]	Li	Heng Li	2012-03-14	Heng			male
Henk_Volberda	Henk	Henk Volberda	Economics	male	[{u'count': 54.0, u'gender': u'male', u'name': u'Henk', u'probability': 1.0}]	Volberda	Henk Volberda	2013-09-05	Henk			male
Henri_Berestycki	Henri	Henri Berestycki	Mathematics	male	[{u'count': 138.0, u'gender': u'male', u'name': u'Henri', u'probability': 0.98}]	Berestycki	Henri Berestycki	2013-03-27	Henri			male
Henry_Chesbrough	Henry	Henry Chesbrough	Economics	male	[{u'count': 1067.0, u'gender': u'male', u'name': u'Henry', u'probability': 1.0}]	Chesbrough	Henry Chesbrough	2007-04-24	Henry			male
Hongjie_Dai	Hongjie	Hongjie Dai	Chemistry	unknown	[{u'count': None, u'gender': None, u'name': u'Hongjie', u'probability': None}]	Dai	Hongjie Dai	2007-01-16	Hongjie	Hongjie+Dai	male	male
Horst_St%C3%B6cker	Horst	Horst Stocker	Physics	male	[{u'count': 34.0, u'gender': u'male', u'name': u'Horst', u'probability': 1.0}]	Stocker	Horst Stocker	2007-02-11	Horst			male
Hyeon_Taeghwan	Taeghwan	Taeghwan Hyeon	Chemistry	unknown	[{u'count': None, u'gender': None, u'name': u'Taeghwan', u'probability': None}]	Hyeon	Taeghwan Hyeon	2014-05-22	Taeghwan	Taeghwan+Hyeon	male	male
Ian_Affleck	Ian	Ian Affleck	Physics	male	[{u'count': 2159.0, u'gender': u'male', u'name': u'Ian', u'probability': 0.99}]	Affleck	Ian Affleck	2012-09-29	Ian			male
Ian_F._Akyildiz	Ian	Ian F Akyildiz	Computer Science	male	[{u'count': 2159.0, u'gender': u'male', u'name': u'Ian', u'probability': 0.99}]	F Akyildiz	Ian F Akyildiz	2009-08-12	Ian			male
Ian_Ford	Ian	Ian Ford	Physiology or Medicine	male	[{u'count': 2159.0, u'gender': u'male', u'name': u'Ian', u'probability': 0.99}]	Ford	Ian Ford	2010-10-28	Ian			male
Idun_Reiten	Idun	Idun Reiten	Mathematics	male	[{u'count': 10.0, u'gender': u'male', u'name': u'Idun', u'probability': 1.0}]	Reiten	Idun Reiten	2009-05-31	Idun			male
Igor_Jurisica	Igor	Igor Jurisica	Computer Science	male	[{u'count': 345.0, u'gender': u'male', u'name': u'Igor', u'probability': 1.0}]	Jurisica	Igor Jurisica	2016-04-12	Igor			male
Immanuel_Bloch	Immanuel	Immanuel Bloch	Physics	male	[{u'count': 15.0, u'gender': u'male', u'name': u'Immanuel', u'probability': 1.0}]	Bloch	Immanuel Bloch	2012-11-26	Immanuel			male
Ingrid_Daubechies	Ingrid	Ingrid Daubechies	Mathematics	female	[{u'count': 812.0, u'gender': u'female', u'name': u'Ingrid', u'probability': 1.0}]	Daubechies	Ingrid Daubechies	2005-01-25	Ingrid			female
Ira_Pastan	Ira	Ira Pastan	Physiology or Medicine	unknown	[{u'count': 101.0, u'gender': u'female', u'name': u'Ira', u'probability': 0.76}]	Pastan	Ira Pastan	2007-07-16	Ira	Ira+Pastan	male	male
Irun_Cohen	Irun	Irun Cohen	Physiology or Medicine	unknown	[{u'count': None, u'gender': None, u'name': u'Irun', u'probability': None}]	Cohen	Irun Cohen	2005-08-25	Irun	Irun+Cohen	male	male
Ivan_K._Schuller	Ivan	Ivan Schuller	Physics	male	[{u'count': 1905.0, u'gender': u'male', u'name': u'Ivan', u'probability': 1.0}]	Schuller	Ivan Schuller	2015-09-08	Ivan			male
Jack_Cuzick	Jack	Jack Cuzick	Physiology or Medicine	male	[{u'count': 1993.0, u'gender': u'male', u'name': u'Jack', u'probability': 0.99}]	Cuzick	Jack Cuzick	2015-09-03	Jack			male
James_R._Heath	James	James Heath	Chemistry	male	[{u'count': 6359.0, u'gender': u'male', u'name': u'James', u'probability': 0.99}]	Heath	James Heath	2007-11-06	James			male
Jean-Louis_Vincent	Jean-Louis	Jean-Louis Vincent	Physiology or Medicine	male	[{u'count': 43.0, u'gender': u'male', u'name': u'Jean-Louis', u'probability': 1.0}]	Vincent	Jean-Louis Vincent	2014-09-22	Jean-Louis			male
Jean-Luc_Br%C3%A9das	Jean-Luc	Jean-Luc Bredas	Chemistry	male	[{u'count': 105.0, u'gender': u'male', u'name': u'Jean-Luc', u'probability': 1.0}]	Bredas	Jean-Luc Bredas	2006-12-12	Jean-Luc			male
Jean-Marie_Tarascon	Jean-Marie	Jean-Marie Tarascon	Physics	male	[{u'count': 34.0, u'gender': u'male', u'name': u'Jean-Marie', u'probability': 0.9400000000000001}]	Tarascon	Jean-Marie Tarascon	2014-12-19	Jean-Marie			male
Jean-Michel_Sav%C3%A9ant	Jean-Michel	Jean-Michel Saveant	Chemistry	male	[{u'count': 74.0, u'gender': u'male', u'name': u'Jean-Michel', u'probability': 0.96}]	Saveant	Jean-Michel Saveant	2009-05-13	Jean-Michel			male
Jean-Pierre_Sauvage	Jean-Pierre	Jean-Pierre Sauvage	Chemistry	male	[{u'count': 122.0, u'gender': u'male', u'name': u'Jean-Pierre', u'probability': 1.0}]	Sauvage	Jean-Pierre Sauvage	2005-12-02	Jean-Pierre			male
Jean_Fr%C3%A9chet	Jean	Jean Frechet	Chemistry	unknown	[{u'count': 1523.0, u'gender': u'female', u'name': u'Jean', u'probability': 0.53}]	Frechet	Jean Frechet	2006-09-28	Jean	Jean+Frechet	male	male
Jeffrey_A._Harvey	Jeffrey	Jeffrey Harvey	Physics	male	[{u'count': 932.0, u'gender': u'male', u'name': u'Jeffrey', u'probability': 1.0}]	Harvey	Jeffrey Harvey	2004-11-20	Jeffrey			male
Jenny_Nelson	Jenny	Jenny Nelson	Physics	female	[{u'count': 2899.0, u'gender': u'female', u'name': u'Jenny', u'probability': 1.0}]	Nelson	Jenny Nelson	2014-05-26	Jenny			female
Jens_Nielsen	Jens	Jens Nielsen	Biology	male	[{u'count': 292.0, u'gender': u'male', u'name': u'Jens', u'probability': 1.0}]	Nielsen	Jens Nielsen	2012-12-10	Jens			male
Jerome_Groopman	Jerome	Jerome Groopman	Physiology or Medicine	male	[{u'count': 730.0, u'gender': u'male', u'name': u'Jerome', u'probability': 1.0}]	Groopman	Jerome Groopman	2007-02-22	Jerome			male
Jianqing_Fan	Jianqing	Jianqing Fan	Mathematics	unknown	[{u'count': None, u'gender': None, u'name': u'Jianqing', u'probability': None}]	Fan	Jianqing Fan	2010-08-06	Jianqing	Jianqing+Fan	male	male
Jing_Li_(chemist)	Jing	Jing Li	Chemistry	unknown	[{u'count': 126.0, u'gender': u'female', u'name': u'Jing', u'probability': 0.72}]	Li	Jing Li	2008-06-23	Jing	Jing+Li	female	female
Joan_Massagu%C3%A9_Sol%C3%A9	Joan	Joan Massague	Physiology or Medicine	female	[{u'count': 1017.0, u'gender': u'female', u'name': u'Joan', u'probability': 0.8200000000000001}]	Massague	Joan Massague	2012-09-01	Joan			female
Joann_E._Manson	JoAnn	JoAnn E Manson	Physiology or Medicine	female	[{u'count': 234.0, u'gender': u'female', u'name': u'JoAnn', u'probability': 0.99}]	E Manson	JoAnn E Manson	2014-09-29	JoAnn			female
John_A._List	John	John A List	Economics	male	[{u'count': 9931.0, u'gender': u'male', u'name': u'John', u'probability': 0.99}]	A List	John A List	2013-11-01	John			male
John_Danesh	John	John Danesh	Physiology or Medicine	male	[{u'count': 9931.0, u'gender': u'male', u'name': u'John', u'probability': 0.99}]	Danesh	John Danesh	2015-12-15	John			male
John_Perdew	John	John Perdew	Physics	male	[{u'count': 9931.0, u'gender': u'male', u'name': u'John', u'probability': 0.99}]	Perdew	John Perdew	2010-01-09	John			male
John_Robertson_(physicist)	John	John Robertson	Physics	male	[{u'count': 9931.0, u'gender': u'male', u'name': u'John', u'probability': 0.99}]	Robertson	John Robertson	2014-10-08	John			male
John_Y._Campbell	John	John Campbell	Economics	male	[{u'count': 9931.0, u'gender': u'male', u'name': u'John', u'probability': 0.99}]	Campbell	John Campbell	2007-10-19	John			male
Jon_Clardy	Jon	Jon Clardy	Chemistry	male	[{u'count': 1790.0, u'gender': u'male', u'name': u'Jon', u'probability': 1.0}]	Clardy	Jon Clardy	2013-05-15	Jon			male
Jose_Baselga	Jose	Jose Baselga	Physiology or Medicine	male	[{u'count': 3821.0, u'gender': u'male', u'name': u'Jose', u'probability': 0.99}]	Baselga	Jose Baselga	2007-03-16	Jose			male
Joseph_Schlessinger	Joseph	Joseph Schlessinger	Biology	male	[{u'count': 2213.0, u'gender': u'male', u'name': u'Joseph', u'probability': 0.99}]	Schlessinger	Joseph Schlessinger	2007-10-22	Joseph			male
Joseph_Wang	Joseph	Joseph Wang	Chemistry	male	[{u'count': 2213.0, u'gender': u'male', u'name': u'Joseph', u'probability': 0.99}]	Wang	Joseph Wang	2008-06-26	Joseph			male
Joshua_Jortner	Joshua	Joshua Jortner	Chemistry	male	[{u'count': 1570.0, u'gender': u'male', u'name': u'Joshua', u'probability': 0.99}]	Jortner	Joshua Jortner	2007-08-27	Joshua			male
Juan_Mart%C3%ADn_Maldacena	Juan	Juan Maldacena	Physics	male	[{u'count': 4584.0, u'gender': u'male', u'name': u'Juan', u'probability': 0.99}]	Maldacena	Juan Maldacena	2006-07-17	Juan			male
Julian_Birkinshaw	Julian	Julian Birkinshaw	Economics	male	[{u'count': 1079.0, u'gender': u'male', u'name': u'Julian', u'probability': 1.0}]	Birkinshaw	Julian Birkinshaw	2016-06-03	Julian			male
Jun_Ye	Jun	Jun Ye	Physics	male	[{u'count': 189.0, u'gender': u'male', u'name': u'Jun', u'probability': 0.9400000000000001}]	Ye	Jun Ye	2015-11-25	Jun			male
K%C3%A1ri_Stef%C3%A1nsson	Kari	Kari Stefansson	Physiology or Medicine	female	[{u'count': 467.0, u'gender': u'female', u'name': u'Kari', u'probability': 0.91}]	Stefansson	Kari Stefansson	2006-01-02	Kari			female
Keith_Fagnou	Keith	Keith Fagnou	Chemistry	male	[{u'count': 1417.0, u'gender': u'male', u'name': u'Keith', u'probability': 0.99}]	Fagnou	Keith Fagnou	2010-03-09	Keith			male
Keith_Olive	Keith	Keith Olive	Physics	male	[{u'count': 1417.0, u'gender': u'male', u'name': u'Keith', u'probability': 0.99}]	Olive	Keith Olive	2014-03-19	Keith			male
Keith_Usherwood_Ingold	Keith	Keith Ingold	Chemistry	male	[{u'count': 1417.0, u'gender': u'male', u'name': u'Keith', u'probability': 0.99}]	Ingold	Keith Ingold	2008-12-18	Keith			male
Kendall_Houk	Kendall	Kendall Houk	Chemistry	unknown	[{u'count': 224.0, u'gender': u'male', u'name': u'Kendall', u'probability': 0.53}]	Houk	Kendall Houk	2006-03-03	Kendall	Kendall+Houk	male	male
Kenneth_Kendler	Kenneth	Kenneth Kendler	Physiology or Medicine	male	[{u'count': 1020.0, u'gender': u'male', u'name': u'Kenneth', u'probability': 1.0}]	Kendler	Kenneth Kendler	2010-10-25	Kenneth			male
Kim_Kimoon	Kimoon	Kimoon Kim	Chemistry	unknown	[{u'count': None, u'gender': None, u'name': u'Kimoon', u'probability': None}]	Kim	Kimoon Kim	2013-06-18	Kimoon	Kimoon+Kim	male	male
Kun-Liang_Guan	Kun-Liang	Kun-Liang Guan	Physiology or Medicine	unknown	[{u'count': None, u'gender': None, u'name': u'Kun-Liang', u'probability': None}]	Guan	Kun-Liang Guan	2008-08-05	Kun-Liang	Kun-Liang+Guan	male	male
Kurt_Binder	Kurt	Kurt Binder	Physics	male	[{u'count': 421.0, u'gender': u'male', u'name': u'Kurt', u'probability': 1.0}]	Binder	Kurt Binder	2008-05-04	Kurt			male
Lars_E._O._Svensson	Lars	Lars Svensson	Economics	male	[{u'count': 450.0, u'gender': u'male', u'name': u'Lars', u'probability': 1.0}]	Svensson	Lars Svensson	2007-10-11	Lars			male
Leo_Paquette	Leo	Leo Paquette	Chemistry	male	[{u'count': 759.0, u'gender': u'male', u'name': u'Leo', u'probability': 0.9500000000000001}]	Paquette	Leo Paquette	2007-07-09	Leo			male
Liao_Shijun	Shijun	Shijun Liao	Mathematics	female	[{u'count': 1.0, u'gender': u'female', u'name': u'Shijun', u'probability': 1.0}]	Liao	Shijun Liao	2013-11-02	Shijun			female
Luigi_Zingales	Luigi	Luigi Zingales	Economics	male	[{u'count': 429.0, u'gender': u'male', u'name': u'Luigi', u'probability': 1.0}]	Zingales	Luigi Zingales	2009-08-23	Luigi			male
Luis_Oro	Luis	Luis Oro	Chemistry	male	[{u'count': 4053.0, u'gender': u'male', u'name': u'Luis', u'probability': 1.0}]	Oro	Luis Oro	2013-01-29	Luis			male
Lynn_Schneemeyer	Lynn	Lynn Schneemeyer	Physics	female	[{u'count': 1144.0, u'gender': u'female', u'name': u'Lynn', u'probability': 0.96}]	Schneemeyer	Lynn Schneemeyer	2008-02-13	Lynn			female
Malcolm_Chisholm	Malcolm	Malcolm Chisholm	Chemistry	male	[{u'count': 227.0, u'gender': u'male', u'name': u'Malcolm', u'probability': 1.0}]	Chisholm	Malcolm Chisholm	2004-02-02	Malcolm			male
Malcolm_Green_(chemist)	Malcolm	Malcolm Green	Chemistry	male	[{u'count': 227.0, u'gender': u'male', u'name': u'Malcolm', u'probability': 1.0}]	Green	Malcolm Green	2006-07-02	Malcolm			male
Marc_A._Kastner	Marc	Marc Kastner	Physics	male	[{u'count': 1555.0, u'gender': u'male', u'name': u'Marc', u'probability': 1.0}]	Kastner	Marc Kastner	2007-10-18	Marc			male
Marc_Melitz	Marc	Marc Melitz	Economics	male	[{u'count': 1555.0, u'gender': u'male', u'name': u'Marc', u'probability': 1.0}]	Melitz	Marc Melitz	2009-03-30	Marc			male
Marianne_Bertrand	Marianne	Marianne Bertrand	Economics	female	[{u'count': 812.0, u'gender': u'female', u'name': u'Marianne', u'probability': 0.99}]	Bertrand	Marianne Bertrand	2014-04-23	Marianne			female
Marlan_Scully	Marlan	Marlan Scully	Physics	unknown	[{u'count': None, u'gender': None, u'name': u'Marlan', u'probability': None}]	Scully	Marlan Scully	2006-02-09	Marlan	Marlan+Scully	male	male
Martin_Eichenbaum	Martin	Martin Eichenbaum	Economics	male	[{u'count': 3568.0, u'gender': u'male', u'name': u'Martin', u'probability': 1.0}]	Eichenbaum	Martin Eichenbaum	2013-04-23	Martin			male
Masaru_Tomita	Masaru	Masaru Tomita	Computer Science	male	[{u'count': 3.0, u'gender': u'male', u'name': u'Masaru', u'probability': 1.0}]	Tomita	Masaru Tomita	2006-08-30	Masaru			male
Matja%C5%BE_Perc	Matjaz	Matjaz Perc	Physics	male	[{u'count': 12.0, u'gender': u'male', u'name': u'Matjaz', u'probability': 1.0}]	Perc	Matjaz Perc	2014-10-04	Matjaz			male
Matthias_Egger	Matthias	Matthias Egger	Physiology or Medicine	male	[{u'count': 257.0, u'gender': u'male', u'name': u'Matthias', u'probability': 1.0}]	Egger	Matthias Egger	2015-05-26	Matthias			male
Matthias_Mann	Matthias	Matthias Mann	Physiology or Medicine	male	[{u'count': 257.0, u'gender': u'male', u'name': u'Matthias', u'probability': 1.0}]	Mann	Matthias Mann	2006-10-30	Matthias			male
Menachem_Elimelech	Menachem	Menachem Elimelech	Chemistry	male	[{u'count': 3.0, u'gender': u'male', u'name': u'Menachem', u'probability': 1.0}]	Elimelech	Menachem Elimelech	2006-12-25	Menachem			male
Michael_Boehnke	Michael	Michael Boehnke	Physiology or Medicine	male	[{u'count': 11094.0, u'gender': u'male', u'name': u'Michael', u'probability': 1.0}]	Boehnke	Michael Boehnke	2013-02-22	Michael			male
Michael_F._Lappert	Michael	Michael Lappert	Chemistry	male	[{u'count': 11094.0, u'gender': u'male', u'name': u'Michael', u'probability': 1.0}]	Lappert	Michael Lappert	2011-07-20	Michael			male
Michael_I._Jordan	Michael	Michael I Jordan	Computer Science	male	[{u'count': 11094.0, u'gender': u'male', u'name': u'Michael', u'probability': 1.0}]	I Jordan	Michael I Jordan	2005-02-16	Michael			male
Michael_L._Gross_(chemist)	Michael	Michael Gross	Chemistry	male	[{u'count': 11094.0, u'gender': u'male', u'name': u'Michael', u'probability': 1.0}]	Gross	Michael Gross	2008-04-10	Michael			male
Michael_L._Klein	Michael	Michael Klein	Chemistry	male	[{u'count': 11094.0, u'gender': u'male', u'name': u'Michael', u'probability': 1.0}]	Klein	Michael Klein	2009-02-21	Michael			male
Michael_L._Tushman	Michael	Michael Tushman	Economics	male	[{u'count': 11094.0, u'gender': u'male', u'name': u'Michael', u'probability': 1.0}]	Tushman	Michael Tushman	2015-02-04	Michael			male
Michael_Lounsbury	Michael	Michael Lounsbury	Economics	male	[{u'count': 11094.0, u'gender': u'male', u'name': u'Michael', u'probability': 1.0}]	Lounsbury	Michael Lounsbury	2007-08-09	Michael			male
Michal_Lipson	Michal	Michal Lipson	Physics	unknown	[{u'count': 360.0, u'gender': u'male', u'name': u'Michal', u'probability': 0.75}]	Lipson	Michal Lipson	2008-12-04	Michal	Michal+Lipson	female	female
Michele_Parrinello	Michele	Michele Parrinello	Physics	unknown	[{u'count': 1311.0, u'gender': u'female', u'name': u'Michele', u'probability': 0.7000000000000001}]	Parrinello	Michele Parrinello	2011-10-11	Michele	Michele+Parrinello	male	male
Mietek_Jaroniec	Mietek	Mietek Jaroniec	Chemistry	male	[{u'count': 1.0, u'gender': u'male', u'name': u'Mietek', u'probability': 1.0}]	Jaroniec	Mietek Jaroniec	2013-12-21	Mietek			male
Murray_Brennan	Murray	Murray Brennan	Physiology or Medicine	male	[{u'count': 72.0, u'gender': u'male', u'name': u'Murray', u'probability': 0.96}]	Brennan	Murray Brennan	2015-02-04	Murray			male
Napoleone_Ferrara	Napoleone	Napoleone Ferrara	Physiology or Medicine	male	[{u'count': 1.0, u'gender': u'male', u'name': u'Napoleone', u'probability': 1.0}]	Ferrara	Napoleone Ferrara	2008-12-22	Napoleone			male
Nathan_Seiberg	Nathan	Nathan Seiberg	Physics	male	[{u'count': 1632.0, u'gender': u'male', u'name': u'Nathan', u'probability': 1.0}]	Seiberg	Nathan Seiberg	2004-05-09	Nathan			male
Nello_Cristianini	Nello	Nello Cristianini	Computer Science	male	[{u'count': 27.0, u'gender': u'male', u'name': u'Nello', u'probability': 1.0}]	Cristianini	Nello Cristianini	2005-08-29	Nello			male
Nicholas_Bloom	Nicholas	Nicholas Bloom	Economics	male	[{u'count': 1176.0, u'gender': u'male', u'name': u'Nicholas', u'probability': 1.0}]	Bloom	Nicholas Bloom	2014-08-19	Nicholas			male
Nicholas_C._Handy	Nicholas	Nicholas Handy	Chemistry	male	[{u'count': 1176.0, u'gender': u'male', u'name': u'Nicholas', u'probability': 1.0}]	Handy	Nicholas Handy	2007-02-01	Nicholas			male
Oded_Schramm	Oded	Oded Schramm	Mathematics	male	[{u'count': 12.0, u'gender': u'male', u'name': u'Oded', u'probability': 1.0}]	Schramm	Oded Schramm	2007-02-20	Oded			male
Olivier_Blanchard	Oliver	Oliver Blanchard	Economics	male	[{u'count': 750.0, u'gender': u'male', u'name': u'Oliver', u'probability': 0.99}]	Blanchard	Oliver Blanchard	2009-09-09	Oliver			male
Pan_Jianwei	Jian-Wei	Jian-Wei Pan	Physics	male	[{u'count': 1.0, u'gender': u'male', u'name': u'Jian-Wei', u'probability': 1.0}]	Pan	Jian-Wei Pan	2014-09-24	Jian-Wei			male
Paul_McEuen	Paul	Paul McEuen	Physics	male	[{u'count': 5931.0, u'gender': u'male', u'name': u'Paul', u'probability': 1.0}]	McEuen	Paul McEuen	2006-08-02	Paul			male
Paul_Ridker	Paul	Paul M Ridker	Physiology or Medicine	male	[{u'count': 5931.0, u'gender': u'male', u'name': u'Paul', u'probability': 1.0}]	M Ridker	Paul M Ridker	2011-10-12	Paul			male
Paul_Volberding	Paul	Paul Volberding	Physiology or Medicine	male	[{u'count': 5931.0, u'gender': u'male', u'name': u'Paul', u'probability': 1.0}]	Volberding	Paul Volberding	2011-07-03	Paul			male
Pauline_van_den_Driessche	Pauline	Pauline Van Den Driessche	Mathematics	female	[{u'count': 839.0, u'gender': u'female', u'name': u'Pauline', u'probability': 1.0}]	Van Den Driessche	Pauline Van Den Driessche	2015-09-13	Pauline			female
Peer_Bork	Peer	Peer Bork	Biology	male	[{u'count': 8.0, u'gender': u'male', u'name': u'Peer', u'probability': 0.88}]	Bork	Peer Bork	2009-07-04	Peer			male
Peter_Gavin_Hall	Peter	Peter Gavin Hall	Mathematics	male	[{u'count': 4373.0, u'gender': u'male', u'name': u'Peter', u'probability': 1.0}]	Gavin Hall	Peter Gavin Hall	2007-09-07	Peter			male
Peter_Grassberger	Peter	Peter Grassberger	Physics	male	[{u'count': 4373.0, u'gender': u'male', u'name': u'Peter', u'probability': 1.0}]	Grassberger	Peter Grassberger	2011-05-17	Peter			male
Peter_Kalmus	Peter	Peter Kalmus	Physics	male	[{u'count': 4373.0, u'gender': u'male', u'name': u'Peter', u'probability': 1.0}]	Kalmus	Peter Kalmus	2013-01-11	Peter			male
Peter_Knight_(scientist)	Peter	Peter Knight	Physics	male	[{u'count': 4373.0, u'gender': u'male', u'name': u'Peter', u'probability': 1.0}]	Knight	Peter Knight	2007-01-09	Peter			male
Peter_Ozsv%C3%A1th	Peter	Peter Ozsvath	Mathematics	male	[{u'count': 4373.0, u'gender': u'male', u'name': u'Peter', u'probability': 1.0}]	Ozsvath	Peter Ozsvath	2006-05-06	Peter			male
Peter_Reinhard_Hansen	Peter	Peter Hansen	Economics	male	[{u'count': 4373.0, u'gender': u'male', u'name': u'Peter', u'probability': 1.0}]	Hansen	Peter Hansen	2008-09-23	Peter			male
Peter_Sleight	Peter	Peter Sleight	Physiology or Medicine	male	[{u'count': 4373.0, u'gender': u'male', u'name': u'Peter', u'probability': 1.0}]	Sleight	Peter Sleight	2013-12-06	Peter			male
Phaedon_Avouris	Phaedon	Phaedon Avouris	Physics	unknown	[{u'count': None, u'gender': None, u'name': u'Phaedon', u'probability': None}]	Avouris	Phaedon Avouris	2005-07-03	Phaedon	Phaedon+Avouris	male	male
Philip_Kim	Philip	Philip Kim	Physics	male	[{u'count': 1097.0, u'gender': u'male', u'name': u'Philip', u'probability': 1.0}]	Kim	Philip Kim	2010-01-11	Philip			male
Rainer_Blatt	Rainer	Rainer Blatt	Physics	male	[{u'count': 84.0, u'gender': u'male', u'name': u'Rainer', u'probability': 0.99}]	Blatt	Rainer Blatt	2006-05-06	Rainer			male
Ralph_Nuzzo	Ralph	Ralph Nuzzo	Chemistry	male	[{u'count': 314.0, u'gender': u'male', u'name': u'Ralph', u'probability': 1.0}]	Nuzzo	Ralph Nuzzo	2007-03-25	Ralph			male
Ralph_Weissleder	Ralph	Ralph Weissleder	Physiology or Medicine	male	[{u'count': 314.0, u'gender': u'male', u'name': u'Ralph', u'probability': 1.0}]	Weissleder	Ralph Weissleder	2008-11-24	Ralph			male
Reinhart_Ahlrichs	Reinhart	Reinhart Ahlrichs	Chemistry	unknown	[{u'count': None, u'gender': None, u'name': u'Reinhart', u'probability': None}]	Ahlrichs	Reinhart Ahlrichs	2005-08-10	Reinhart	Reinhart+Ahlrichs	male	male
Richard_H._Holm	Richard	Richard Holm	Chemistry	male	[{u'count': 4381.0, u'gender': u'male', u'name': u'Richard', u'probability': 1.0}]	Holm	Richard Holm	2007-10-18	Richard			male
Richard_Roll	Richard	Richard Roll	Economics	male	[{u'count': 4381.0, u'gender': u'male', u'name': u'Richard', u'probability': 1.0}]	Roll	Richard Roll	2007-10-10	Richard			male
Richard_Wilson_(physicist)	Richard	Richard Wilson	Physics	male	[{u'count': 4381.0, u'gender': u'male', u'name': u'Richard', u'probability': 1.0}]	Wilson	Richard Wilson	2010-12-08	Richard			male
Robert_H._Crabtree	Robert	Robert Crabtree	Chemistry	male	[{u'count': 5222.0, u'gender': u'male', u'name': u'Robert', u'probability': 1.0}]	Crabtree	Robert Crabtree	2012-04-14	Robert			male
Robert_J._Birgeneau	Robert	Robert Birgeneau	Physics	male	[{u'count': 5222.0, u'gender': u'male', u'name': u'Robert', u'probability': 1.0}]	Birgeneau	Robert Birgeneau	2008-11-22	Robert			male
Robert_Lusch	Robert	Robert Lusch	Economics	male	[{u'count': 5222.0, u'gender': u'male', u'name': u'Robert', u'probability': 1.0}]	Lusch	Robert Lusch	2009-10-22	Robert			male
Robert_Peter_Gale	Robert	Robert Gale	Physiology or Medicine	male	[{u'count': 5222.0, u'gender': u'male', u'name': u'Robert', u'probability': 1.0}]	Gale	Robert Gale	2008-06-19	Robert			male
Robert_Tibshirani	Robert	Robert Tibshirani	Mathematics	male	[{u'count': 5222.0, u'gender': u'male', u'name': u'Robert', u'probability': 1.0}]	Tibshirani	Robert Tibshirani	2011-04-05	Robert			male
Robert_West_(chemist)	Robert	Robert West	Chemistry	male	[{u'count': 5222.0, u'gender': u'male', u'name': u'Robert', u'probability': 1.0}]	West	Robert West	2005-10-20	Robert			male
Roberto_Car	Roberto	Roberto Car	Physics	male	[{u'count': 1956.0, u'gender': u'male', u'name': u'Roberto', u'probability': 1.0}]	Car	Roberto Car	2010-07-02	Roberto			male
Rodney_J._Bartlett	Rodney	Rodney Bartlett	Chemistry	male	[{u'count': 319.0, u'gender': u'male', u'name': u'Rodney', u'probability': 1.0}]	Bartlett	Rodney Bartlett	2006-08-02	Rodney			male
Rolf_Apweiler	Rolf	Rolf Apweiler	Biology	male	[{u'count': 114.0, u'gender': u'male', u'name': u'Rolf', u'probability': 1.0}]	Apweiler	Rolf Apweiler	2011-06-27	Rolf			male
Roman_Jackiw	Roman	Roman Jackiw	Physics	male	[{u'count': 449.0, u'gender': u'male', u'name': u'Roman', u'probability': 1.0}]	Jackiw	Roman Jackiw	2006-03-11	Roman			male
Ronald_Fedkiw	Ronald	Ronald Fedkiw	Computer Science	male	[{u'count': 755.0, u'gender': u'male', u'name': u'Ronald', u'probability': 1.0}]	Fedkiw	Ronald Fedkiw	2006-08-20	Ronald			male
Ross_Levine	Ross	Ross Levine	Economics	male	[{u'count': 692.0, u'gender': u'male', u'name': u'Ross', u'probability': 0.9500000000000001}]	Levine	Ross Levine	2010-12-12	Ross			male
Rudolf_Grimm	Rudolf	Rudolf Grimm	Physics	male	[{u'count': 63.0, u'gender': u'male', u'name': u'Rudolf', u'probability': 0.97}]	Grimm	Rudolf Grimm	2005-07-17	Rudolf			male
Rudolf_Jaenisch	Rudolf	Rudolf Jaenisch	Physiology or Medicine	male	[{u'count': 63.0, u'gender': u'male', u'name': u'Rudolf', u'probability': 0.97}]	Jaenisch	Rudolf Jaenisch	2006-03-09	Rudolf			male
Ruedi_Aebersold	Ruedi	Ruedi Aebersold	Biology	male	[{u'count': 7.0, u'gender': u'male', u'name': u'Ruedi', u'probability': 1.0}]	Aebersold	Ruedi Aebersold	2006-09-12	Ruedi			male
Ruslan_Medzhitov	Ruslan	Ruslan Medzhitov	Physiology or Medicine	male	[{u'count': 27.0, u'gender': u'male', u'name': u'Ruslan', u'probability': 0.96}]	Medzhitov	Ruslan Medzhitov	2011-10-04	Ruslan			male
Saeid_Abbasbandy	Saeid	Saeid Abbasbandy	Mathematics	male	[{u'count': 18.0, u'gender': u'male', u'name': u'Saeid', u'probability': 1.0}]	Abbasbandy	Saeid Abbasbandy	2012-08-30	Saeid			male
Salim_Yusuf	Salim	Salim Yusuf	Physiology or Medicine	male	[{u'count': 125.0, u'gender': u'male', u'name': u'Salim', u'probability': 0.97}]	Yusuf	Salim Yusuf	2014-08-20	Salim			male
Salvador_Moncada	Salvador	Salvador Moncada	Physiology or Medicine	male	[{u'count': 249.0, u'gender': u'male', u'name': u'Salvador', u'probability': 1.0}]	Moncada	Salvador Moncada	2005-11-19	Salvador			male
Samuel_Broder	Samuel	Samuel Broder	Physiology or Medicine	male	[{u'count': 1409.0, u'gender': u'male', u'name': u'Samuel', u'probability': 1.0}]	Broder	Samuel Broder	2006-01-05	Samuel			male
Sang-Wook_Cheong	Sang-Wook	Sang-Wook Cheong	Physics	unknown	[{u'count': None, u'gender': None, u'name': u'Sang-Wook', u'probability': None}]	Cheong	Sang-Wook Cheong	2014-03-31	Sang-Wook	Sang-Wook+Cheong	male	male
Sankar_Das_Sarma	Sankar	Sankar Das Sarma	Physics	male	[{u'count': 15.0, u'gender': u'male', u'name': u'Sankar', u'probability': 1.0}]	Das Sarma	Sankar Das Sarma	2006-07-08	Sankar			male
Sendhil_Mullainathan	Sendhil	Sendhil Mullainathan	Economics	unknown	[{u'count': None, u'gender': None, u'name': u'Sendhil', u'probability': None}]	Mullainathan	Sendhil Mullainathan	2004-12-16	Sendhil	Sendhil+Mullainathan	male	male
Sergey_Fomin	Sergey	Sergey Fomin	Mathematics	male	[{u'count': 117.0, u'gender': u'male', u'name': u'Sergey', u'probability': 0.99}]	Fomin	Sergey Fomin	2011-09-11	Sergey			male
Sergio_Ferrara	Sergio	Sergio Ferrara	Physics	male	[{u'count': 1818.0, u'gender': u'male', u'name': u'Sergio', u'probability': 1.0}]	Ferrara	Sergio Ferrara	2007-07-15	Sergio			male
Sharon_Ann_Hunt	Sharon	Sharon Ann Hunt	Physiology or Medicine	female	[{u'count': 2760.0, u'gender': u'female', u'name': u'Sharon', u'probability': 0.99}]	Ann Hunt	Sharon Ann Hunt	2015-02-10	Sharon			female
Shin%27ichi_Nojiri	Shin'Ichi	Shin'Ichi Nojiri	Physics	unknown	"[{u'count': None, u'gender': None, u'name': u""Shin'Ichi"", u'probability': None}]"	Nojiri	Shin'Ichi Nojiri	2009-12-27	Shin'Ichi	Shin'Ichi+Nojiri	male	male
Shlomo_Shamai	Shlomo	Shlomo Shamai	Computer Science	male	[{u'count': 16.0, u'gender': u'male', u'name': u'Shlomo', u'probability': 1.0}]	Shamai	Shlomo Shamai	2011-06-30	Shlomo			male
Shuji_Ogino	Shuji	Shuji Ogino	Physiology or Medicine	male	[{u'count': 2.0, u'gender': u'male', u'name': u'Shuji', u'probability': 1.0}]	Ogino	Shuji Ogino	2014-09-18	Shuji			male
Siamon_Gordon	Siamon	Siamon Gordon	Physiology or Medicine	unknown	[{u'count': None, u'gender': None, u'name': u'Siamon', u'probability': None}]	Gordon	Siamon Gordon	2011-12-21	Siamon	Siamon+Gordon	male	male
Simeon_Djankov	Simeon	Simeon Djankov	Economics	male	[{u'count': 37.0, u'gender': u'male', u'name': u'Simeon', u'probability': 1.0}]	Djankov	Simeon Djankov	2006-11-19	Simeon			male
Simon_Johnson_(economist)	Simon	Simon Johnson	Economics	male	[{u'count': 2443.0, u'gender': u'male', u'name': u'Simon', u'probability': 0.99}]	Johnson	Simon Johnson	2009-03-04	Simon			male
Simon_White	Simon	Simon White	Biology	male	[{u'count': 2443.0, u'gender': u'male', u'name': u'Simon', u'probability': 0.99}]	White	Simon White	2008-02-03	Simon			male
Spyros_Makridakis	Spyros	Spyros Makridakis	Economics	male	[{u'count': 27.0, u'gender': u'male', u'name': u'Spyros', u'probability': 1.0}]	Makridakis	Spyros Makridakis	2014-04-19	Spyros			male
Stefanie_Dimmeler	Stefanie	Stefanie Dimmeler	Physiology or Medicine	female	[{u'count': 463.0, u'gender': u'female', u'name': u'Stefanie', u'probability': 1.0}]	Dimmeler	Stefanie Dimmeler	2010-05-28	Stefanie			female
Stephen_Dunnett	Stephen	Stephen Dunnett	Physiology or Medicine	male	[{u'count': 2608.0, u'gender': u'male', u'name': u'Stephen', u'probability': 1.0}]	Dunnett	Stephen Dunnett	2009-09-02	Stephen			male
Stephen_J._Lippard	Stephen	Stephen Lippard	Chemistry	male	[{u'count': 2608.0, u'gender': u'male', u'name': u'Stephen', u'probability': 1.0}]	Lippard	Stephen Lippard	2014-03-19	Stephen			male
Stephen_L._Buchwald	Stephen	Stephen Buchwald	Chemistry	male	[{u'count': 2608.0, u'gender': u'male', u'name': u'Stephen', u'probability': 1.0}]	Buchwald	Stephen Buchwald	2015-08-10	Stephen			male
Stephen_MacMahon	Stephen	Stephen MacMahon	Physiology or Medicine	male	[{u'count': 2608.0, u'gender': u'male', u'name': u'Stephen', u'probability': 1.0}]	MacMahon	Stephen MacMahon	2012-04-20	Stephen			male
Stephen_R._Bloom	Stephen	Stephen Bloom	Physiology or Medicine	male	[{u'count': 2608.0, u'gender': u'male', u'name': u'Stephen', u'probability': 1.0}]	Bloom	Stephen Bloom	2015-06-27	Stephen			male
Stephen_Vargo	Stephen	Stephen Vargo	Economics	male	[{u'count': 2608.0, u'gender': u'male', u'name': u'Stephen', u'probability': 1.0}]	Vargo	Stephen Vargo	2009-10-22	Stephen			male
Steven_Kaplan_(economist)	Steven	Steven Kaplan	Economics	male	[{u'count': 2600.0, u'gender': u'male', u'name': u'Steven', u'probability': 1.0}]	Kaplan	Steven Kaplan	2007-01-23	Steven			male
Stuart_A._Rice	Stuart	Stuart Rice	Chemistry	male	[{u'count': 759.0, u'gender': u'male', u'name': u'Stuart', u'probability': 0.99}]	Rice	Stuart Rice	2005-08-02	Stuart			male
Stuart_Parkin	Stuart	Stuart Parkin	Physics	male	[{u'count': 759.0, u'gender': u'male', u'name': u'Stuart', u'probability': 0.99}]	Parkin	Stuart Parkin	2005-10-10	Stuart			male
Subir_Sachdev	Subir	Subir Sachdev	Physics	male	[{u'count': 6.0, u'gender': u'male', u'name': u'Subir', u'probability': 1.0}]	Sachdev	Subir Sachdev	2009-05-03	Subir			male
Subra_Suresh	Subra	Subra Suresh	Physics	male	[{u'count': 11.0, u'gender': u'male', u'name': u'Subra', u'probability': 1.0}]	Suresh	Subra Suresh	2009-10-06	Subra			male
Tadamitsu_Kishimoto	Tadamitsu	Tadamitsu Kishimoto	Physiology or Medicine	unknown	[{u'count': None, u'gender': None, u'name': u'Tadamitsu', u'probability': None}]	Kishimoto	Tadamitsu Kishimoto	2006-06-01	Tadamitsu	Tadamitsu+Kishimoto	male	male
Tadatsugu_Taniguchi	Tadatsugu	Tadatsugu Taniguchi	Physiology or Medicine	unknown	[{u'count': None, u'gender': None, u'name': u'Tadatsugu', u'probability': None}]	Taniguchi	Tadatsugu Taniguchi	2013-10-11	Tadatsugu	Tadatsugu+Taniguchi	male	male
Takuzo_Aida	Takuzo	Takuzo Aida	Chemistry	unknown	[{u'count': None, u'gender': None, u'name': u'Takuzo', u'probability': None}]	Aida	Takuzo Aida	2009-03-20	Takuzo	Takuzo+Aida	male	male
Tasawar_Hayat	Tasawar	Tasawar Hayat	Mathematics	male	[{u'count': 1.0, u'gender': u'male', u'name': u'Tasawar', u'probability': 1.0}]	Hayat	Tasawar Hayat	2010-05-08	Tasawar			male
Theodore_H._Geballe	Theodore	Theodore Geballe	Physics	male	[{u'count': 46.0, u'gender': u'male', u'name': u'Theodore', u'probability': 0.96}]	Geballe	Theodore Geballe	2013-08-17	Theodore			male
Thomas_J.R._Hughes	Thomas	Thomas JR Hughes	Computer Science	male	[{u'count': 3753.0, u'gender': u'male', u'name': u'Thomas', u'probability': 1.0}]	JR Hughes	Thomas JR Hughes	2008-01-31	Thomas			male
Thomas_Starzl	Thomas	Thomas Starzl	Physiology or Medicine	male	[{u'count': 3753.0, u'gender': u'male', u'name': u'Thomas', u'probability': 1.0}]	Starzl	Thomas Starzl	2005-08-19	Thomas			male
Tilman_Esslinger	Tilman	Tilman Esslinger	Physics	male	[{u'count': 4.0, u'gender': u'male', u'name': u'Tilman', u'probability': 1.0}]	Esslinger	Tilman Esslinger	2013-03-24	Tilman			male
Tim_Bollerslev	Tim	Tim Bollerslev	Economics	male	[{u'count': 2949.0, u'gender': u'male', u'name': u'Tim', u'probability': 0.99}]	Bollerslev	Tim Bollerslev	2006-10-06	Tim			male
Tomas_H%C3%B6kfelt	Tomas	Tomas Hokfelt	Physiology or Medicine	male	[{u'count': 594.0, u'gender': u'male', u'name': u'Tomas', u'probability': 0.99}]	Hokfelt	Tomas Hokfelt	2008-05-05	Tomas			male
Trevor_Hastie	Trevor	Trevor Hastie	Computer Science	male	[{u'count': 758.0, u'gender': u'male', u'name': u'Trevor', u'probability': 1.0}]	Hastie	Trevor Hastie	2012-04-10	Trevor			male
Ulrike_Malmendier	Ulrike	Ulrike Malmendier	Economics	female	[{u'count': 65.0, u'gender': u'female', u'name': u'Ulrike', u'probability': 1.0}]	Malmendier	Ulrike Malmendier	2012-08-05	Ulrike			female
Uri_Gneezy	Uri	Uri Gneezy	Economics	male	[{u'count': 28.0, u'gender': u'male', u'name': u'Uri', u'probability': 0.86}]	Gneezy	Uri Gneezy	2013-08-05	Uri			male
Valarie_Zeithaml	Valarie	Valarie Zeithaml	Economics	female	[{u'count': 39.0, u'gender': u'female', u'name': u'Valarie', u'probability': 1.0}]	Zeithaml	Valarie Zeithaml	2015-08-29	Valarie			female
Valentin_Fuster	Valentin	Valentin Fuster	Physiology or Medicine	male	[{u'count': 299.0, u'gender': u'male', u'name': u'Valentin', u'probability': 1.0}]	Fuster	Valentin Fuster	2008-04-29	Valentin			male
Victor_Dzau	Victor	Victor Dzau	Physiology or Medicine	male	[{u'count': 2234.0, u'gender': u'male', u'name': u'Victor', u'probability': 1.0}]	Dzau	Victor Dzau	2008-03-08	Victor			male
Vincenzo_Balzani	Vincenzo	Vincenzo Balzani	Chemistry	male	[{u'count': 350.0, u'gender': u'male', u'name': u'Vincenzo', u'probability': 1.0}]	Balzani	Vincenzo Balzani	2011-01-25	Vincenzo			male
Wayne_Fuller	Wayne	Wayne Fuller	Economics	male	[{u'count': 1014.0, u'gender': u'male', u'name': u'Wayne', u'probability': 1.0}]	Fuller	Wayne Fuller	2009-08-27	Wayne			male
Werner_Hacke	Werner	Werner Hacke	Physiology or Medicine	male	[{u'count': 80.0, u'gender': u'male', u'name': u'Werner', u'probability': 1.0}]	Hacke	Werner Hacke	2007-10-26	Werner			male
William_Easterly	William	William Easterly	Economics	male	[{u'count': 2626.0, u'gender': u'male', u'name': u'William', u'probability': 1.0}]	Easterly	William Easterly	2006-06-26	William			male
William_H._Miller_(chemistry)	William	William Miller	Chemistry	male	[{u'count': 2626.0, u'gender': u'male', u'name': u'William', u'probability': 1.0}]	Miller	William Miller	2008-05-18	William			male
Witold_Nazarewicz	Witold	Witold Nazarewicz	Physics	male	[{u'count': 7.0, u'gender': u'male', u'name': u'Witold', u'probability': 1.0}]	Nazarewicz	Witold Nazarewicz	2007-08-25	Witold			male
Xavier_Gabaix	Xavier	Xavier Gabaix	Economics	male	[{u'count': 686.0, u'gender': u'male', u'name': u'Xavier', u'probability': 0.99}]	Gabaix	Xavier Gabaix	2009-07-27	Xavier			male
Yang_Huanming	Huanming	Huanming Yang	Physiology or Medicine	unknown	[{u'count': None, u'gender': None, u'name': u'Huanming', u'probability': None}]	Yang	Huanming Yang	2015-02-11	Huanming	Huanming+Yang	male	male
Younan_Xia	Younan	Younan Xia	Physics	unknown	[{u'count': None, u'gender': None, u'name': u'Younan', u'probability': None}]	Xia	Younan Xia	2011-08-02	Younan	Younan+Xia	male	male
Zolt%C3%A1n_Szab%C3%B3_(mathematician)	Zoltan	Zoltan Szabo	Mathematics	male	[{u'count': 38.0, u'gender': u'male', u'name': u'Zoltan', u'probability': 1.0}]	Szabo	Zoltan Szabo	2007-02-13	Zoltan			male
